0,0,3.337452472,23,80
3.553633785,-0.107804755,3.337942215,23.00001045,80.00008486
7.346558492,-1.599329677,3.344785905,23.00057234,80.00469934
11.2,-1.411979504,3.343977339,23.00172887,80.01420003
15.05704526,-1.576480563,3.344732611,23.00279931,80.02299555
19.14115682,-1.485930617,3.344322675,23.0039365,80.03234157
23.19228385,-1.514147905,3.344459316,23.00508733,80.04180184
27.3,-1.432860352,3.344087522,23.00620592,80.05099952
31.2,-1.561259512,3.344674457,23.00727958,80.05982972
35.23835711,-1.551526339,3.344635013,23.0084624,80.06955925
39.24513634,-1.534806525,3.344555042,23.00960255,80.07894026
43.48102445,-1.46369458,3.344225165,23.01077402,80.08858186
47.6,-1.56022176,3.344665662,23.01194732,80.09824027
51.7,13.33945339,3.27622111,23.01671622,80.06864483
55.8,13.3460894,3.275636733,23.02680531,79.98215956
59.94779709,13.29807604,3.275669009,23.03669241,79.89749889
64.25792041,13.6269191,3.273934915,23.04738895,79.80570938
68.17828381,13.34619613,3.275088995,23.05688518,79.72428511
72.24974078,13.04805395,3.276315189,23.06666156,79.64046751
76.13996251,13.42600576,3.274487916,23.07600973,79.56029645
80.2,13.33585604,3.274783288,23.08592965,79.47513589
83.94224509,13.34424249,3.274684671,23.09491378,79.39804813
87.99019753,13.37913761,3.274431478,23.10480687,79.31307261
92,13.00232365,3.276093783,23.11436634,79.23102887
96.1,13.48051167,3.273864959,23.1242266,79.14634986
100,13.473417,3.273845701,23.13372849,79.06467952
104.1,-1.43807443,3.341954793,23.13480384,79.07378031
108.2466822,-1.550048543,3.342665086,23.13594802,79.08345056
112.1417928,-1.437734774,3.342294244,23.13695999,79.09201959
116.2408694,-1.44448538,3.342456116,23.13805759,79.10130726
120.3471594,-1.542276044,3.34299996,23.13914711,79.11053079
124.5485044,-1.467320958,3.342751906,23.14030129,79.12029392
128.7,-1.477769451,3.34286412,23.14137875,79.12942526
133.0575527,-1.51282172,3.343087779,23.14257069,79.13951331
137.3,-1.466002368,3.342916,23.14367113,79.14884382
141.3286933,-1.531358175,3.343258306,23.14480893,79.15846895
145.4,-1.499963131,3.343135935,23.14587444,79.16750495
149.3796532,-1.508455076,3.343202683,23.1469718,79.1767984
153.4,14.05428606,3.272081451,23.15566014,79.10483874
157.2921227,13.34903203,3.275029411,23.16535678,79.0213693
161.4,13.59274086,3.273772443,23.17527495,78.93608239
165.4472913,13.56812048,3.273739131,23.18511273,78.85143765
169.6916911,13.8183639,3.272420891,23.1958898,78.75850878
173.8603312,13.39319079,3.274279123,23.20594704,78.67194935
177.8547821,13.13451838,3.275323199,23.21572535,78.58771734
181.8,13.49293204,3.273668462,23.22514639,78.50662362
185.9,13.42199431,3.273893265,23.23522219,78.41977017
189.9,13.39231542,3.274017162,23.24471695,78.33801726
194.1,14.3115724,3.269785762,23.25539601,78.24578257
198.250632,13.63021829,3.272792446,23.26589754,78.15507553
202.4,-1.429441593,3.340707041,23.27079743,78.12353487
206.3846159,-1.511580388,3.341387982,23.27179861,78.13228048
210.4,-1.404753445,3.341087056,23.27282532,78.14124137
214.4,-1.544755084,3.341863927,23.27389121,78.15052389
218.4517648,-1.479534336,3.341685127,23.27491213,78.15944515
222.4,-1.545511645,3.342085431,23.27597084,78.16866523
226.6582315,-1.529699342,3.342106537,23.27713904,78.17882797
230.8826054,-1.571998453,3.34236463,23.27827092,78.18868972
235.0301342,-1.48081807,3.342015736,23.27938694,78.19841307
238.9,-1.465266378,3.341983605,23.28036168,78.20693998
242.9477864,-1.559071256,3.342447726,23.281454,78.216459
247.1,-1.436015435,3.341924447,23.28253108,78.22586871
251.1842202,12.8445368,3.27782972,23.28606418,78.20819478
255.1,13.62633018,3.273757895,23.29510145,78.13038302
259.248308,13.93253264,3.272105258,23.3056047,78.03959598
263.3436956,13.76166308,3.272699104,23.31590364,77.95057219
267.4604307,13.69769338,3.272881803,23.32592802,77.86400607
271.5298236,13.32856154,3.274345911,23.33612646,77.77581104
275.4903224,12.96275708,3.275932905,23.34538761,77.6959093
279.752977,13.31555963,3.274279681,23.35538133,77.60965606
283.9674961,13.14639174,3.274917444,23.36555843,77.52170095
288.094753,13.66613201,3.272562105,23.37541758,77.43650362
292.3,13.2789012,3.274183981,23.38573557,77.34722902
296.445418,13.03619262,3.275251499,23.39543717,77.26340767
300.5586653,-1.474940119,3.33905933,23.40400358,77.19179798
304.7584117,-1.585888476,3.340708393,23.4051184,77.2017762
309.0570542,-1.479476116,3.340446691,23.40620876,77.21157328
313.0856264,-1.50473267,3.340721209,23.40724508,77.22087538
317.1614349,-1.514687289,3.340896198,23.40827149,77.23010669
321.3543972,-1.509297508,3.340993121,23.409372,77.23997186
325.5591507,-1.542703914,3.341232457,23.41044209,77.24959103
329.6,-1.524383477,3.341234448,23.41152046,77.25924825
333.8607345,-1.474633342,3.341070235,23.41255931,77.26862532
338.0839612,-1.516253812,3.341317274,23.41366464,77.27854373
342.1665934,-1.573919235,3.341616888,23.41474227,77.28820868
346.4606533,-1.528790878,3.341454992,23.41587281,77.2983525
350.5,12.67593733,3.278936036,23.41786887,77.296268
354.6,13.67620273,3.273308408,23.4276987,77.2112296
358.6,14.30795329,3.270269107,23.43774239,77.12416279
362.5,13.70070399,3.2727484,23.44765605,77.03815617
366.6882306,12.7775074,3.276734858,23.45749134,76.95304286
371,13.88703069,3.271687226,23.46789913,76.86286624
375.1,13.84702744,3.271722299,23.47818072,76.77363809
379.2,13.12100666,3.274827489,23.48820148,76.68672752
383.3939307,13.70774759,3.272257751,23.49789878,76.60275161
387.7,13.85521493,3.271398246,23.50906494,76.50564458
391.7744539,12.54527555,3.27719471,23.51851144,76.42378259
396,13.37809867,3.273465094,23.52854077,76.33678724
400.0522232,-1.433254911,3.33726414,23.53775029,76.25717335
404.2,-1.427962529,3.339056082,23.53874548,76.26642521
408.2,-1.549235528,3.339810627,23.53970456,76.2753423
412.2390706,-1.490710669,3.339733473,23.54072821,76.28480208
416.2453403,-1.508238172,3.339953883,23.54172616,76.29404347
420.2,-1.463082447,3.339868972,23.54266561,76.30279174
424.2431395,-1.455499858,3.339944459,23.54366628,76.31206812
428.2433433,-1.487521631,3.340161864,23.54460584,76.32083227
432.5882347,-1.426575238,3.339971571,23.54563801,76.33044925
436.8,-1.478391111,3.340263162,23.54666138,76.33996116
441.1409285,-1.479386291,3.340317294,23.54770481,76.34967366
444.9428366,-1.570696591,3.340759036,23.54866325,76.35854848
449,-1.38408658,3.33997362,23.54964364,76.36767213
453.1831019,13.35169345,3.274735731,23.55724661,76.3056251
457.2,13.63486838,3.273184498,23.56694763,76.22137692
461.2,13.26093348,3.274602466,23.57672593,76.13639684
465.3304147,14.08387964,3.270887047,23.58664713,76.05019654
469.3,13.8248413,3.27179756,23.59682028,75.96159116
473.387537,13.18813942,3.274502087,23.60655002,75.87702757
477.7626691,13.69674577,3.272068491,23.61710975,75.78518486
481.9,13.15845667,3.274165598,23.62712014,75.69808441
486.2,13.33610534,3.273155571,23.63726243,75.6098747
490.2867439,13.04013953,3.274225683,23.64678827,75.52702597
494.6651414,13.86989057,3.270314378,23.65752968,75.43343399
498.9437867,13.52861859,3.271541783,23.6680434,75.34179069
502.8599186,-1.460388241,3.337075541,23.67123266,75.32610073
507.278893,-1.46106486,3.33746649,23.67227194,75.3360707
511.4460521,-1.51577001,3.337915082,23.67324245,75.34539517
515.5,-1.57323579,3.338351623,23.67426767,75.35513512
519.6,-1.390044816,3.337705301,23.67522131,75.36430206
523.6794154,-1.477832787,3.338216074,23.67616219,75.37335886
527.8666799,-1.491724309,3.338388624,23.67712901,75.38266545
531.9,-1.486365957,3.338467434,23.67809937,75.39195312
535.9448641,-1.463351912,3.338448705,23.67904033,75.40100414
540,-1.487966613,3.338627712,23.67998242,75.41006934
544.1923035,-1.433936028,3.338464257,23.68097359,75.41958462
548.1529616,-1.482648852,3.338728902,23.68189104,75.42841988
552.3936709,13.15154446,3.274677016,23.68783086,75.38427477
556.5402999,13.32291994,3.273308269,23.69770773,75.29822494
560.7550567,12.62999597,3.275895346,23.70766036,75.21149956
564.78278,13.74348623,3.27078678,23.71702408,75.12990851
568.7,13.1933041,3.272796182,23.72652589,75.04699259
572.9,13.87369453,3.269558835,23.73664971,74.9586344
576.7,13.76676879,3.269727775,23.74601247,74.876841
580.8,14.09934412,3.267951687,23.75644435,74.78558832
584.6454673,13.80475473,3.269045827,23.76573295,74.70443261
588.8,13.09215235,3.2718324,23.77577085,74.61670086
593.044793,13.2043204,3.271108927,23.78586192,74.52851561
597.0244411,13.78755258,3.268403446,23.79536792,74.4454061
600.9915947,-1.398585949,3.333184057,23.8027564,74.38480144
605.0878357,-1.499163578,3.334634175,23.8036395,74.39364774
609.1,-1.44636755,3.334666411,23.80456516,74.4028131
613.0248434,-1.459345626,3.334913193,23.80543635,74.41149734
617.2,-1.589633238,3.335649205,23.80640243,74.4210607
621.1,-1.506923233,3.335447952,23.80735794,74.43043264
625.3511844,-1.449535213,3.335328006,23.80831153,74.43992538
629.7450296,-1.537354733,3.335822733,23.80931701,74.44990219
633.685946,-1.460709664,3.335591136,23.8102405,74.45903045
637.9,-1.428521252,3.335525819,23.81113552,74.46803129
641.8895012,-1.519481123,3.335999702,23.81208286,74.4773779
646.3,-1.595687379,3.336387399,23.81309622,74.48743288
650.3,13.06878923,3.274345022,23.81469357,74.49007597
654.3398921,12.94977469,3.273087375,23.82385777,74.41003205
658.7460255,13.32418529,3.271009271,23.83411133,74.32037855
662.8556725,13.76782579,3.268674285,23.84417996,74.23219585
666.961229,13.62198542,3.268997572,23.85397984,74.14639145
671.0686538,14.11109752,3.266473104,23.86447338,74.0543139
675.3426294,13.33248868,3.269583567,23.87455534,73.96599765
679.2520456,13.85281935,3.266971453,23.88407725,73.88249866
683.4422223,13.72626512,3.266907595,23.89432469,73.79259162
687.4679687,13.75531639,3.266217785,23.90416797,73.70619393
691.6417495,13.53710603,3.266563805,23.91434736,73.61681319
695.9,13.76008105,3.26504567,23.92469935,73.52588475
699.8903511,13.09984776,3.267346583,23.93414795,73.44290482
704.1593992,-1.526751601,3.330193997,23.93531143,73.45032486
708.6,-1.499468293,3.330442179,23.93631731,73.46060888
713.0422036,-1.540178449,3.330884138,23.93732851,73.47093874
717.2842144,-1.459997677,3.330759465,23.93825318,73.48046639
721.4,-1.514535369,3.331178501,23.939163,73.48981621
725.577269,-1.436262797,3.331017261,23.94008879,73.49932679
729.8,-1.550029917,3.331644868,23.94101184,73.50883647
733.7582972,-1.541202501,3.331742062,23.9419312,73.51819834
738.0820556,-1.583093947,3.33204769,23.94294136,73.52847495
742.3387236,-1.427616169,3.331500995,23.94390158,73.53831116
746.5,-1.56201303,3.332168194,23.94483155,73.54785656
750.5,14.12269622,3.266322313,23.94690923,73.54516627
754.7,14.9505533,3.260673059,23.9576453,73.45070174
759.1430398,13.59417732,3.265566788,23.96876604,73.35283755
763.3455391,13.72509196,3.264243298,23.97923532,73.26067799
767.4924456,13.9626303,3.262653968,23.98912549,73.17366082
771.8469074,13.06057438,3.265747526,23.99961699,73.081287
776.2463102,13.82094969,3.261845405,24.01033694,72.98683603
780.3446327,13.11947963,3.264261032,24.0199459,72.9022021
784.5951004,13.72966743,3.261068909,24.03012159,72.81250244
788.9,13.28150728,3.262361511,24.04033422,72.72245255
793,13.24338538,3.261966991,24.04997607,72.63741372
797.1823836,13.98307694,3.25828716,24.06002615,72.54869915
801.463402,-1.595148494,3.323258338,24.06732957,72.49068095
805.7,-1.466710729,3.323675082,24.06827309,72.50064725
810.1,-1.486105969,3.32407047,24.06921244,72.51066304
814.3,-1.49504065,3.324346977,24.07008321,72.52001063
818.47947,-1.479114631,3.324499229,24.07098634,72.52961635
822.6842462,-1.515064838,3.32483674,24.0718893,72.53923491
826.9447137,-1.504636399,3.324960237,24.07280444,72.54898399
831.1822506,-1.503397691,3.325103397,24.0737172,72.55870305
835.3,-1.544008475,3.325405506,24.07462608,72.5683299
839.3,-1.473571306,3.325221475,24.07548448,72.57748044
843.4,-1.439940618,3.325185294,24.07634742,72.58672132
847.8818297,-1.492482466,3.325498179,24.07724751,72.59646732
852.1,13.35523765,3.262539174,24.08290111,72.55572958
856.2478486,14.6021066,3.256287041,24.09274245,72.46882275
860.5,13.24180256,3.261066846,24.10337419,72.37478595
864.6611024,13.50535585,3.259299708,24.11325948,72.28740418
868.8,13.32543253,3.259457694,24.12278119,72.2032412
873.0405372,13.03108878,3.259960471,24.13283603,72.11428258
877.2,13.34563969,3.258082606,24.14241473,72.02953821
881.3,13.33483941,3.257484261,24.15212457,71.9435587
885.4386533,13.15820193,3.257756115,24.16166395,71.85908747
890,13.66745083,3.255090458,24.17257138,71.76240717
894.1,13.60446454,3.254956364,24.18219338,71.67711077
898.2450635,13.34838317,3.255522329,24.1921524,71.58876004
902.5547912,-1.527966971,3.317557047,24.19676854,71.55832498
906.9,-1.480535178,3.317959584,24.19770739,71.56859543
911.2,-1.507700024,3.318337934,24.198561,71.57813473
915.3,-1.524108841,3.318639587,24.19944979,71.58785142
919.4296931,-1.49759362,3.318716712,24.20029676,71.59724002
923.6,-1.47268739,3.318780068,24.20113926,71.60661618
927.7,-1.540010257,3.319206514,24.20199786,71.6160864
931.8510694,-1.496182911,3.31915797,24.2028784,71.62576905
935.9,-1.529861979,3.319405238,24.20371726,71.63504906
940.2,-1.447395297,3.319164143,24.20457763,71.64465339
944.4555657,-1.461585877,3.319317541,24.20544031,71.65425273
948.8,-1.458700419,3.319386689,24.20630455,71.66391774
952.8,12.84958074,3.259223904,24.21286162,71.61026102
957.0405531,13.11314102,3.25726918,24.22255225,71.52431272
961.1565402,13.28120821,3.255949013,24.23213171,71.43929101
965.4,13.03378003,3.256457335,24.24169573,71.3544005
969.7511066,12.97056854,3.256051592,24.25200912,71.26276205
973.9653567,14.02746856,3.251229758,24.26185974,71.17521158
978.1,13.12393282,3.254442299,24.27157128,71.08885672
982.4457302,13.07046834,3.254168958,24.28164982,70.99921971
986.6323981,13.30764563,3.252700544,24.29152185,70.91136596
990.8782,13.82778041,3.250157348,24.30143757,70.82309828
995,13.06820118,3.252761628,24.31130407,70.73520591
999.2621772,13.68915007,3.249881013,24.32105392,70.64836562
1003.391185,-1.456965486,3.312570912,24.32349297,70.64025639
1007.757458,-1.480723485,3.313150099,24.32435385,70.65017322
1011.951296,-1.500790898,3.313501341,24.32518614,70.65974393
1016.2,-1.557392581,3.313959834,24.32603574,70.66949408
1020.3,-1.479508343,3.313841682,24.32688753,70.67916879
1024.682714,-1.477269013,3.313997188,24.3277212,70.68887461
1028.791836,-1.491299717,3.314203281,24.32854071,70.69828979
1033,-1.548019561,3.314564488,24.3293896,70.70801306
1037.190257,-1.545994737,3.314676388,24.33026708,70.71796326
1041.1,-1.482155419,3.314505129,24.33104226,70.72688759
1045.248482,-1.526954729,3.314780695,24.33188118,70.73649415
1049.5,-1.484262885,3.314692669,24.33274495,70.74637402
1053.751374,13.56957032,3.251880399,24.34137626,70.67125956
1057.941321,12.84046587,3.254028504,24.35120887,70.58361502
1061.934182,14.04546137,3.248506382,24.3607547,70.49846934
1066.061604,13.73538125,3.249232413,24.37052926,70.41125847
1070.3,13.49057591,3.249644962,24.38066408,70.32078557
1074.4,13.55091206,3.248895347,24.3903947,70.23389273
1078.5,13.86594862,3.247080109,24.40036096,70.14483401
1082.6,13.16997658,3.249542901,24.40972381,70.06118444
1086.524759,13.15907643,3.249117622,24.41888257,69.97931666
1090.963549,12.81264186,3.250196339,24.42878459,69.8907984
1095.347645,14.81110246,3.241761061,24.43938714,69.79591264
1099.8,12.81492494,3.249506574,24.45008198,69.70016736
1103.8,-1.561075468,3.308592944,24.45125469,69.70494323
1107.986785,-1.476625912,3.308688787,24.45206709,69.71461398
1112.3,-1.406826536,3.308668641,24.45284268,69.72406802
1116.3,-1.509251654,3.309288997,24.45358475,69.73302571
1120.550116,-1.500899868,3.309443016,24.45438942,69.74267904
1124.550356,-1.469406795,3.309469064,24.45515232,69.75181196
1128.584634,-1.57932333,3.310046238,24.4559489,69.76124936
1132.9,-1.435156674,3.309577876,24.45674903,69.77091429
1137.2,-1.518416358,3.310025168,24.45759029,69.78091124
1141.390702,-1.428168904,3.309740698,24.45835883,69.79022933
1145.681039,-1.491587255,3.310073435,24.45915296,69.79983102
1149.739827,-1.514805877,3.310229432,24.45991234,69.80898315
1153.9,13.45613714,3.24843605,24.46939587,69.72493101
1158.049705,12.87717932,3.250264028,24.4787361,69.64133299
1162.3,13.52836103,3.247170672,24.48855356,69.55341749
1166.388521,14.12714739,3.244318827,24.49838678,69.46529844
1170.5,13.75023944,3.245443848,24.50829583,69.37646427
1174.6,13.35702848,3.246642757,24.51814049,69.28817878
1178.888468,13.9935149,3.243794345,24.52826489,69.19736453
1182.989787,12.34378273,3.250127679,24.53758894,69.11371046
1187,12.76192862,3.248251806,24.5463567,69.03503724
1191.2,13.59760208,3.244621033,24.55594953,68.94892474
1195.262709,13.81148337,3.24343638,24.56569153,68.8614204
1199.331117,14.22109953,3.241548927,24.57549761,68.7733075
1203.490892,-1.602211424,3.305620571,24.57784515,68.76708964
1207.544251,-1.422057985,3.305407912,24.57859906,68.77643738
1211.786902,-1.49143932,3.30596107,24.57934126,68.78583203
1215.973486,-1.511355967,3.306271175,24.58010348,68.7953513
1220.144831,-1.544759135,3.306604189,24.58089979,68.80514328
1224.344206,-1.443643759,3.306362375,24.58165566,68.81462157
1228.452878,-1.521373523,3.306814197,24.58241651,68.82407318
1232.583996,-1.542157155,3.307013773,24.5831765,68.83353594
1236.8,-1.473848992,3.306853958,24.58397365,68.84337344
1240.861002,-1.541134347,3.307207894,24.5847256,68.85271839
1244.9,-1.499491852,3.307118627,24.58547215,68.86200287
1248.98489,-1.55178986,3.307399217,24.58624812,68.87156818
1252.885004,14.17105605,3.243624647,24.5934958,68.81058343
1257.086205,13.67644472,3.244797327,24.60353512,68.72035458
1261.045962,14.09523507,3.242583654,24.61336274,68.63196398
1265.3,13.51670562,3.24455036,24.62327087,68.54285247
1269.676476,12.79494556,3.247043233,24.63322786,68.4532734
1274.056712,13.59690917,3.243509341,24.64327147,68.36288212
1278.173718,13.0094692,3.245469933,24.65288614,68.27631574
1282.259141,13.4248578,3.243631007,24.66201432,68.19410696
1286.347833,12.66018675,3.246306056,24.6714159,68.10940617
1290.451093,13.64963042,3.24230559,24.68050562,68.02748854
1294.554476,13.64157463,3.242005553,24.69051628,67.93722727
1298.984784,14.49765109,3.238571809,24.70106524,67.84209143
1303.1,-1.430648775,3.302189137,24.70408413,67.82640603
1307.2,-1.532073444,3.303205657,24.70483248,67.83600028
1311.5,-1.520768003,3.303449203,24.70557685,67.84572599
1315.555972,-1.527659534,3.303705557,24.7063279,67.85530764
1320,-1.493782828,3.303771314,24.70712537,67.86559524
1324.2,-1.484872446,3.303890299,24.70785611,67.87512828
1328.1,-1.502264396,3.304080872,24.70853605,67.8839929
1332.2,-1.551286844,3.304387457,24.7092818,67.89357051
1336.158212,-1.508532542,3.304308965,24.70999387,67.90275242
1340.556824,-1.477248091,3.304267676,24.71076283,67.91277146
1344.645803,-1.418277494,3.304101039,24.71145916,67.92193269
1349,-1.454764554,3.304294518,24.71215889,67.93134204
1353.091699,12.80739506,3.247135066,24.71924582,67.87108992
1357.2,13.49197814,3.243829542,24.72855561,67.78711966
1361.5,13.42987573,3.243695198,24.73857424,67.69672189
1365.743996,13.66397132,3.242511396,24.74844806,67.60759984
1369.68522,13.73374007,3.241997236,24.75776248,67.52349852
1373.955403,13.06824647,3.244358276,24.76783741,67.43250072
1378.127953,13.64971181,3.242024083,24.77720218,67.34788831
1382.2,13.74494845,3.241411158,24.78693404,67.25993834
1386.4,13.39484855,3.242633091,24.79684546,67.17034024
1390.7,14.12644031,3.239709505,24.80688196,67.07958479
1394.782775,13.02353932,3.243838695,24.81654697,66.99216051
1399.190456,14.15951972,3.239358672,24.82688722,66.89860435
1403.3,-1.525348966,3.301354242,24.82943188,66.88865192
1407.843767,-1.536920346,3.302045495,24.83021547,66.89918254
1411.971607,-1.347739496,3.301596782,24.83087912,66.90834825
1416.4,-1.563874733,3.302676881,24.83159907,66.91824845
1420.440286,-1.419456996,3.302300311,24.83225375,66.92726367
1424.6,-1.543246967,3.302941197,24.83294583,66.93669633
1428.7,-1.501989643,3.302923872,24.83367393,66.94637704
1433.054991,-1.531671564,3.303142142,24.83437249,66.95603836
1437.146257,-1.442435389,3.302903918,24.83509329,66.96565272
1441.450181,-1.576748539,3.303506007,24.8358379,66.97565444
1445.6,-1.490837526,3.303230185,24.83651666,66.98497319
1449.847189,-1.496801084,3.303323162,24.83726531,66.99496085
1453.8,14.02174722,3.241686184,24.84635498,66.91317043
1458.051005,13.25482524,3.244142472,24.85617341,66.82430974
1462.335419,13.08026872,3.244500856,24.86596024,66.73570147
1466.289417,13.35731293,3.243239818,24.87482449,66.6554132
1470.4,14.16186251,3.23978874,24.88480561,66.56499522
1474.454439,13.44432789,3.242399104,24.89435374,66.4784716
1478.847678,12.69370988,3.24517418,24.90425575,66.38869904
1482.845698,13.64162664,3.241404408,24.91334365,66.30628861
1487.036429,12.18145391,3.246927977,24.92257863,66.22249753
1491.192287,14.47286283,3.237984091,24.93222328,66.13498801
1495.331215,13.5935058,3.241261951,24.94190212,66.04715484
1499.39064,13.3624074,3.241974289,24.9516227,65.9589283
1503.470714,-1.410238397,3.299848993,24.95350743,65.95391466
1507.7,-1.418578727,3.300500519,24.95411879,65.96299044
1511.9,-1.514178742,3.301181215,24.95477719,65.97243037
1516.186936,-1.583861786,3.301700366,24.95549351,65.98243498
1520.3,-1.533238293,3.30171456,24.95621986,65.99236004
1524.354955,-1.583112796,3.302061526,24.9568996,66.00184314
1528.684497,-1.486312098,3.301842687,24.95764448,66.01212843
1533.1,-1.471783581,3.301904466,24.9583538,66.0222
1537.4,-1.448848124,3.301904328,24.95899349,66.03158419
1541.755591,-1.544463598,3.30236288,24.95970744,66.04163997
1546.058381,-1.506696952,3.302291269,24.96042371,66.05166645
1550.191662,13.71205572,3.245035142,24.96153933,66.05680206
1554.6,14.29226385,3.240212108,24.97202357,65.96167489
1558.6,13.34595767,3.243341415,24.98152805,65.87538309
1562.993318,14.42677735,3.238937758,24.99188908,65.7812794
1566.855009,13.50001581,3.242187969,25.00120626,65.69663304
1571.1512,13.39704408,3.242407604,25.01123744,65.60546497
1575.4,13.42277871,3.242186451,25.02095254,65.51713147
1579.6,12.86337621,3.244212219,25.03034373,65.43170064
1583.8,13.69146748,3.240941244,25.03992584,65.34452564
1588.044288,13.28861334,3.242328653,25.04978042,65.25485826
1592.2,13.55498929,3.241224235,25.05942625,65.16706628
1596.265844,12.84353749,3.243965014,25.06828159,65.08639272
1600.445371,-1.452083862,3.297188397,25.07692432,65.00927229
1604.8,-1.494157352,3.299610489,25.07755862,65.01892174
1608.9,-1.531427292,3.300226277,25.07821327,65.02848368
1612.978336,-1.526294602,3.30049121,25.07884913,65.0378678
1617.040303,-1.470695677,3.30051531,25.07949158,65.04729081
1621.3,-1.532533841,3.300941491,25.08013833,65.05694864
1625.48971,-1.437936227,3.300741269,25.08075431,65.06628086
1629.9,-1.571450349,3.301402482,25.08148947,65.07682767
1634.165535,-1.484169377,3.30117332,25.08213255,65.08646359
1638.586357,-1.508402192,3.301372131,25.08284836,65.09686196
1642.665051,-1.523466943,3.301491546,25.08345592,65.10601671
1646.9,-1.498089457,3.301473261,25.08414772,65.11603083
1651.255008,13.45982054,3.244707887,25.08751794,65.09654081
1655.476704,13.6927354,3.242304253,25.09725486,65.00789158
1659.693543,13.56838786,3.242354624,25.10696803,64.91941338
1664.15398,13.32592848,3.242895551,25.11747468,64.82368915
1668.347936,13.41915295,3.24235357,25.12707467,64.73617531
1672.657966,12.77618504,3.244639515,25.13658879,64.64937841
1676.8,14.08098719,3.239551295,25.14611117,64.56252249
1680.891104,13.39891179,3.241906994,25.1557671,64.47444327
1685.084077,13.51764056,3.241324602,25.16561204,64.38461251
1689.493438,13.72625555,3.240525668,25.17561293,64.29330009
1693.740067,13.64313931,3.240728187,25.18545765,64.20341142
1697.954653,13.84099095,3.239823437,25.19560313,64.11078068
1701.845405,-1.538202497,3.297828162,25.20059137,64.07195287
1706,-1.531371516,3.299077082,25.20125992,64.0819366
1710.2,-1.527974746,3.29946769,25.201855,64.09135574
1714.354174,-1.465424995,3.299534858,25.20250218,64.10116037
1718.7,-1.420797703,3.299590445,25.20307382,64.11054007
1722.9,-1.47757946,3.299997855,25.20367214,64.1199875
1726.856775,-1.441842999,3.300010209,25.20421944,64.12875214
1731,-1.529275714,3.30046457,25.20480723,64.13805297
1735.168671,-1.489998025,3.30043815,25.20544736,64.14781752
1739.3,-1.522497839,3.300642456,25.20604592,64.15719723
1743.6,-1.430284829,3.300375256,25.20665768,64.16686728
1747.73909,-1.634590775,3.301202814,25.2072882,64.17652336
1751.757799,13.08562858,3.245673599,25.2117119,64.14508182
1756,14.25069222,3.240067621,25.22147816,64.05587838
1760.076342,12.76600652,3.245070257,25.2311408,63.96760269
1764.442344,13.09128686,3.243785484,25.24046129,63.88230106
1768.6,14.46344805,3.238331799,25.25042478,63.79123159
1772.789965,13.7698083,3.240749512,25.26029978,63.70092904
1777.077998,13.04120324,3.243294894,25.27027198,63.60969804
1781.152476,13.3658954,3.242051894,25.27944907,63.52568382
1785.559335,13.8016964,3.240372292,25.28947619,63.43387706
1789.676485,13.86199039,3.240013412,25.29921846,63.34469917
1793.7,13.86828688,3.239927898,25.30872361,63.25766731
1797.8,12.84264673,3.243705828,25.3180267,63.17241465
1802.1,-1.502082538,3.297286621,25.3232459,63.13220168
1806.378324,-1.504741946,3.298485776,25.32382637,63.1418378
1810.4,-1.476098207,3.298781724,25.32437241,63.15089841
1814.8,-1.55199287,3.299372226,25.32501091,63.16115393
1818.9,-1.527317826,3.299516961,25.3256343,63.17094747
1823.159389,-1.623734797,3.300053471,25.32624729,63.18083378
1827,-1.484191381,3.299698543,25.32684819,63.19015013
1831.152688,-1.585364778,3.300188953,25.32745214,63.19984301
1835.3,-1.435100122,3.299742502,25.3280486,63.20946829
1839.441415,-1.46822173,3.299931396,25.3285656,63.21842606
1843.480669,-1.493278329,3.300105143,25.32914527,63.22779186
1847.847914,-1.540873549,3.300335097,25.32974565,63.23769972
1851.872969,13.28863057,3.245075861,25.33431788,63.20345806
1856.242795,13.75987371,3.242021694,25.34445633,63.11058971
1860.2,13.7992622,3.241521455,25.35356412,63.02711369
1864.6,13.77540706,3.241193017,25.36420069,62.92965187
1868.8,13.50898377,3.242082772,25.37366591,62.84280895
1872.766338,13.79494422,3.240818658,25.38294391,62.75771131
1877.1,13.34440744,3.242356223,25.39283066,62.66696719
1881.245712,13.42464144,3.241917756,25.40241576,62.57898768
1885.4,13.74148815,3.240722264,25.41186889,62.49217279
1889.8,13.75627247,3.240560668,25.42210905,62.39813999
1894,13.46604563,3.241520963,25.4319418,62.30783158
1898.158484,13.28678208,3.242225154,25.44121731,62.22254664
1902.48562,-1.4995347,3.296868433,25.44578659,62.18947688
1906.6,-1.499653049,3.297951557,25.44630814,62.1986831
1910.659527,-1.516773109,3.298445517,25.44687747,62.20822193
1914.9,-1.559177588,3.298897754,25.44744606,62.21796849
1919.039957,-1.480093883,3.298860358,25.44804563,62.22785474
1923.087598,-1.527061607,3.299195996,25.44853991,62.23675524
1927.139736,-1.392864764,3.298880494,25.44910212,62.24622761
1931.485049,-1.58444475,3.2996941,25.44965013,62.25592878
1935.6,-1.43533677,3.299255663,25.45017687,62.26518126
1939.79336,-1.470116426,3.299468564,25.45071885,62.27465421
1943.863512,-1.437811784,3.29942128,25.45124633,62.28386158
1948.2,-1.429720323,3.299432833,25.45173336,62.2930478
1952.3,13.36824304,3.244774449,25.45714508,62.24916657
1956.376659,13.84889888,3.241876756,25.46657409,62.16253515
1960.484787,13.36612195,3.243166243,25.47613086,62.07469783
1964.6,13.92561642,3.240883889,25.48561615,61.98747362
1968.7,12.82910574,3.244668759,25.49475703,61.9033303
1972.9,14.19183174,3.239497411,25.50460716,61.81272071
1977.3,13.52494362,3.241750383,25.51482698,61.71866784
1981.457168,13.290556,3.242495331,25.52432557,61.63120196
1985.66032,13.73375484,3.240827118,25.53394074,61.54264123
1989.9,13.98564493,3.239841099,25.54378806,61.4519448
1994,13.36246209,3.242020136,25.55322945,61.36494805
1998.244682,14.33658137,3.238438487,25.56332886,61.27191979
2002.5,-1.418158941,3.295894011,25.56778308,61.23918871
2006.975428,-1.506746656,3.297439275,25.5682953,61.24900932
2011.2,-1.472903102,3.297777462,25.5688302,61.25870678
2015.2,-1.534323023,3.298298443,25.56934935,61.26799446
2019.256702,-1.447772695,3.29821761,25.56982019,61.27695004
2023.5,-1.531880168,3.298725009,25.57035521,61.28667242
2027.7,-1.46331297,3.298645545,25.57089319,61.29636621
2031.73614,-1.51203259,3.298935229,25.57137546,61.30539314
2036.242413,-1.52293964,3.299100123,25.57198258,61.31604449
2040.588319,-1.415072277,3.298787109,25.57248477,61.3256235
2044.6,-1.477659206,3.299079341,25.57297456,61.33468505
2048.5,-1.461836852,3.299065603,25.57341873,61.34322857
2052.6,12.7953269,3.246910846,25.57932155,61.29382533
2056.850475,13.66554177,3.24270252,25.58887607,61.20572461
2061.152139,13.94101867,3.241282114,25.59871038,61.11503741
2065.3,13.54329255,3.24229535,25.60857941,61.02406739
2069.4,13.50318124,3.242300509,25.61786695,60.93834556
2073.457998,13.76006553,3.24124223,25.6270899,60.8532024
2077.686731,14.36008662,3.238822573,25.63739741,60.75814566
2081.8,13.78144008,3.240806054,25.64706909,60.66886948
2085.892549,13.75546496,3.240880037,25.65645274,60.58218477
2090.037327,13.47347247,3.241761273,25.66614543,60.49266103
2094.351157,13.72166813,3.240921831,25.67589472,60.40252174
2098.353841,13.2192616,3.242634184,25.68504822,60.3178941
2102.6,-1.484484233,3.295694882,25.68896532,60.29016712
2107.1,-1.577679598,3.297271917,25.68954029,60.30080641
2111.492517,-1.500100303,3.297472455,25.69006166,60.31085813
2115.767786,-1.530888134,3.29791218,25.69060679,60.32095544
2119.7,-1.450250501,3.297849509,25.69104838,60.32974436
2123.847439,-1.501341018,3.298228213,25.69153758,60.33921001
2128.144783,-1.45602453,3.298229337,25.69203142,60.34890963
2132.244249,-1.444149816,3.298300092,25.69246151,60.35782135
2136.151908,-1.534153365,3.298723414,25.69293539,60.36684927
2140.3,-1.404145372,3.29834189,25.69339157,60.3760429
2144.4,-1.480776297,3.298673798,25.69384021,60.38511189
2148.6,-1.615701251,3.299219782,25.69438816,60.39513919
2152.857598,13.09998441,3.246038041,25.70078758,60.34070653
2156.973497,13.08123391,3.24494157,25.71022262,60.25349067
2161.1,13.33398819,3.243699943,25.7193083,60.1693784
2165.286786,14.22862418,3.240245955,25.72885421,60.08105656
2169.3,13.06919892,3.243979953,25.73822378,59.9943821
2173.5,14.56849429,3.238352616,25.74810572,59.90295284
2177.7,12.95155304,3.243733961,25.75777622,59.81340123
2181.9,14.58478647,3.237725962,25.76749108,59.72342192
2186.047759,13.46180603,3.241366951,25.7772778,59.63278969
2190.259592,12.67549539,3.244037576,25.78656712,59.54658918
2194.5,13.74516583,3.240092733,25.79591462,59.45982309
2198.340198,13.5099178,3.240682686,25.80469263,59.3784034
2202.333125,-1.547414853,3.295490776,25.80882176,59.34840162
2206.390947,-1.568845042,3.296926772,25.8092914,59.35782443
2210.539022,-1.41385789,3.296902105,25.80974541,59.36723803
2214.641339,-1.56617225,3.297789976,25.8102259,59.37680994
2218.9,-1.546177952,3.297989538,25.81072359,59.38673755
2223.1,-1.505138951,3.298054087,25.81120616,59.39645972
2227.338793,-1.55432865,3.298398862,25.81169907,59.40632124
2231.5,-1.477852911,3.2982652,25.81219309,59.41608715
2235.74133,-1.545647579,3.298605198,25.81266284,59.42576026
2239.857596,-1.467216617,3.298414464,25.81313615,59.43529394
2243.8,-1.524936142,3.298679552,25.81357412,59.44429768
2247.7,-1.47922682,3.298565527,25.81399837,59.45313013
2251.960566,13.05141693,3.245907996,25.81869208,59.41710756
2255.9,13.01924273,3.244533886,25.82712704,59.33873613
2260.067157,12.93672188,3.244125978,25.83618392,59.25458301
2264.1,13.15836828,3.242872342,25.84495414,59.17306183
2268.4,13.46746738,3.241238044,25.85471953,59.08237329
2272.5,12.89546329,3.243029169,25.86360298,58.99972476
2276.6,13.30700229,3.241191182,25.87274074,58.91476028
2280.9,13.0573344,3.241865785,25.88206265,58.82797747
2285,14.45563392,3.236418542,25.8916184,58.73917567
2289.2,13.88015149,3.238152528,25.90159666,58.64646091
2293.655638,13.67569143,3.23872385,25.91174205,58.55205825
2297.688559,13.29998367,3.239861222,25.92096793,58.46619678
2301.742138,-1.581372847,3.29500026,25.92637907,58.4218563
2305.9,-1.527148788,3.29656212,25.92684909,58.43165563
2310.38204,-1.548456729,3.29728678,25.92739215,58.44252005
2314.6,-1.467657395,3.297336994,25.92781183,58.45198221
2319.1,-1.534492568,3.29787844,25.92829232,58.46234993
2323.159637,-1.468939694,3.297850444,25.92871961,58.47165186
2327.54652,-1.522853267,3.298221078,25.92915585,58.48149136
2331.7,-1.514591697,3.298340406,25.9296189,58.49122473
2336,-1.557005405,3.298617931,25.93011846,58.50147012
2340.1,-1.476760507,3.298405815,25.93054902,58.51085823
2344.261024,-1.448273874,3.298364585,25.93095145,58.52009894
2348.372203,-1.587402673,3.298936437,25.93140414,58.52968861
2352.5473,12.85740592,3.244895673,25.93718038,58.48144828
2356.790337,14.22627084,3.238331758,25.94695981,58.39046268
2361.047619,13.3734715,3.240828484,25.95649144,58.30165704
2365.2,13.11959536,3.2412174,25.96592311,58.21378856
2369.49059,14.17493918,3.23695478,25.97557947,58.12376507
2373.8,13.29362563,3.239738117,25.98555665,58.03079261
2377.989328,13.36774207,3.239195597,25.99495839,57.94307292
2382.358933,13.33198501,3.239101377,26.00461471,57.85290333
2386.645107,13.14342172,3.239542439,26.01415181,57.76383861
2390.9,13.50257181,3.238013011,26.02355465,57.67598029
2395.2,13.39362143,3.238135529,26.03332509,57.58474094
2399.4,12.39547466,3.24179436,26.04229043,57.50081049
2403.285534,-1.557491518,3.295822639,26.0438074,57.49654834
2407.756961,-1.454859508,3.2965939,26.0442805,57.50706911
2411.8,-1.548179911,3.297395296,26.04468724,57.5164053
2416.240474,-1.545885074,3.297734079,26.04514041,57.52671269
2420.3,-1.541567901,3.297980353,26.04559817,57.53649816
2424.640604,-1.479866646,3.297940506,26.04598334,57.54609223
2428.941618,-1.530891773,3.298315528,26.04643892,57.55621508
2432.864096,-1.493381943,3.298295131,26.04682052,57.56516509
2437.3,-1.570678156,3.298708171,26.04729953,57.57568263
2441.593823,-1.50897736,3.29856174,26.04773403,57.58562088
2445.994632,-1.498341829,3.298597218,26.04818499,57.59585442
2450.2,13.56392047,3.243326515,26.04899727,57.6005328
2454.5,13.70371504,3.239357771,26.05901081,57.50714077
2458.691837,12.79290449,3.241940572,26.06812278,57.42189225
2462.95262,13.72560434,3.23784818,26.07764238,57.33287841
2467.056442,13.59396391,3.237881476,26.08690541,57.24625922
2471.240727,13.05803463,3.239535868,26.09621053,57.1591698
2475.274752,14.03940847,3.235477921,26.10536716,57.07349994
2479.337172,13.83159491,3.235871506,26.11485806,56.98475248
2483.565437,12.88799537,3.239329025,26.12403886,56.89866096
2487.858239,13.72685475,3.235861044,26.13364255,56.80867859
2492.054503,14.12117225,3.233984774,26.14353176,56.71614265
2496.778192,13.92679191,3.234528293,26.15434719,56.61481523
2500.994952,-1.526835298,3.293779668,26.16187554,56.54749122
2505.257493,-1.593866046,3.296574836,26.16230526,56.55758955
2509.663931,-1.444056929,3.296780625,26.16272185,56.56779485
2513.981232,-1.483320328,3.297344502,26.16309136,56.57747062
2518.4,-1.471199204,3.29761896,26.16347791,56.58744323
2522.458006,-1.521225506,3.298046368,26.16384065,56.59666611
2526.959717,-1.446177938,3.297970595,26.16423599,56.60683873
2531.291862,-1.571365128,3.298616983,26.16463923,56.61681838
2535.557755,-1.42919063,3.298207457,26.16503298,56.6266181
2539.962043,-1.469644279,3.298461146,26.16539588,56.63637273
2544.190542,-1.473630354,3.298555546,26.16574,56.64570266
2548.5,-1.545100819,3.29890958,26.16614673,56.65567854
2552.8,12.7661781,3.242486957,26.17244125,56.60128026
2556.978497,13.65777734,3.237632492,26.1816249,56.51512716
2561.387442,14.05292542,3.235341102,26.19166029,56.42104982
2565.539501,13.80946454,3.235623072,26.20153596,56.32855406
2569.8,13.09926657,3.238094518,26.21090587,56.24053026
2574,12.97504359,3.238343788,26.21984687,56.15639953
2578.295168,13.15453043,3.237231166,26.22942877,56.06637474
2582.48231,13.803622,3.234479195,26.23863472,55.9798043
2586.458717,13.44343217,3.235533086,26.24766915,55.89492256
2591,12.57148772,3.238752411,26.25750293,55.80232978
2595.156272,14.8204357,3.229656234,26.26699842,55.71306504
2599.5,13.05346002,3.236283624,26.276937,55.61961002
2603.559579,-1.475100621,3.295469966,26.2782796,55.61756807
2607.861632,-1.520503915,3.296825278,26.27864209,55.62740521
2612.267376,-1.415369388,3.296943409,26.27899521,55.63732693
2616.3,-1.542313528,3.29776803,26.27930492,55.64629538
2620.6,-1.461512374,3.297752211,26.27969482,55.65635547
2624.7,-1.489955157,3.298070846,26.28000834,55.66546215
2629,-1.428043035,3.298021959,26.28035522,55.67516379
2633.079291,-1.544818502,3.298628191,26.28069471,55.68445436
2637.4,-1.418165392,3.298247978,26.28100235,55.69386236
2641.5,-1.468352961,3.298553562,26.28133446,55.70312495
2645.745312,-1.602851757,3.299174547,26.2817196,55.71305983
2649.8,-1.542335966,3.299014855,26.28210989,55.7227362
2653.9,13.45812992,3.237802855,26.29115429,55.63838705
2657.984933,12.856071,3.239122169,26.29997043,55.55532379
2662.19078,13.79017917,3.23481918,26.30920702,55.46831944
2666.35088,13.48557971,3.235443574,26.31862407,55.37968186
2670.6,12.94760364,3.237187078,26.32794692,55.29179036
2674.889583,13.62883381,3.234208967,26.33717894,55.20465513
2679.1,13.77660052,3.233070434,26.34701679,55.11205951
2683.5,14.45054742,3.230089696,26.35710048,55.01704915
2687.885297,13.74658046,3.232594607,26.3671487,54.92233625
2692.144016,13.16081812,3.234535019,26.3771434,54.82817494
2696.147122,13.60253185,3.232877556,26.38548295,54.74920239
2700.2,-1.459348624,3.292071407,26.39438437,54.66582746
2704.2,-1.531612532,3.295781357,26.39467203,54.67479199
2708.44159,-1.522510757,3.296802835,26.39501936,54.68464567
2712.8,-1.511087575,3.297274914,26.39537494,54.69475828
2717.231908,-1.455745287,3.297417653,26.39572034,54.70490607
2721.5,-1.533174199,3.298003374,26.39604542,54.71461552
2726,-1.526973408,3.298232342,26.39643824,54.72526977
2730.370269,-1.46258694,3.298144857,26.39673632,54.73492198
2734.742016,-1.463916434,3.298312885,26.39706946,54.74486882
2738.9,-1.580422044,3.298902727,26.39739836,54.75442993
2743.085758,-1.464905661,3.298555078,26.39775861,54.7642982
2747.4,-1.422053734,3.298450129,26.39803936,54.77371536
2751.5,12.35191336,3.242591011,26.40123255,54.75031275
2755.761958,13.312513,3.236475961,26.41025103,54.66501414
2760.08661,13.4270859,3.235086476,26.41968303,54.57586555
2764.3,12.72344383,3.237269714,26.42902852,54.48755359
2768.661841,13.22677526,3.234980931,26.43802181,54.40225227
2772.98515,13.19007709,3.234600652,26.44753499,54.31226065
2777,13.33073152,3.233678737,26.45633806,54.22894354
2781.391715,13.30835104,3.233429594,26.46597628,54.13769396
2785.6,13.91447802,3.23060791,26.47545379,54.04803102
2789.765223,14.13769349,3.229305112,26.48515602,53.95632798
2794.1,13.23280292,3.232886267,26.49462807,53.86653609
2798.239452,13.30574639,3.232265318,26.5039934,53.77786388
2802.5,-1.502634272,3.294679479,26.50789931,53.74787935
2806.9,-1.49496983,3.29637469,26.50822158,53.7580266
2811.264217,-1.493294772,3.297010305,26.50852371,53.76794271
2815.7,-1.450249096,3.29724335,26.50882243,53.77795092
2820,-1.440938552,3.297506012,26.50908728,53.78744619
2824.5,-1.484776693,3.297945032,26.50936892,53.79742013
2828.675472,-1.511042171,3.298259,26.50965934,53.8069171
2833.051871,-1.441736449,3.298151881,26.50996,53.81684007
2837.4,-1.529996548,3.298657755,26.51026604,53.82675999
2841.8,-1.526094409,3.298761404,26.51058025,53.83683618
2846.089893,-1.473375185,3.298651865,26.51090937,53.84685029
2850.2,13.82089011,3.237014714,26.5116292,53.85135442
2854.5,13.36900278,3.23514222,26.52114711,53.76124487
2858.748596,14.11739467,3.230871195,26.53075626,53.67027065
2862.7,13.3602024,3.233344261,26.53968781,53.58566466
2867.1,14.38258698,3.228489208,26.5499827,53.48823189
2871.282854,13.62665437,3.231226682,26.55948571,53.39815592
2875.447217,13.11155625,3.233041958,26.56870861,53.31061166
2879.5514,13.41691579,3.231558923,26.577541,53.22663789
2883.76428,13.79106301,3.229647973,26.58691836,53.13759132
2887.9,13.35131641,3.231140473,26.59622983,53.04918287
2892.08997,14.01698268,3.228150052,26.60553271,52.96077434
2896.259001,13.00998638,3.232091186,26.61482719,52.87243091
2900.4,-1.564148482,3.292513331,26.62305964,52.79533597
2904.659395,-1.542252994,3.295862972,26.62338287,52.80549421
2908.859434,-1.472459039,3.296570568,26.62365064,52.81508092
2913.091373,-1.500323221,3.297198304,26.62392866,52.82480737
2917.462878,-1.492205222,3.29753062,26.62419539,52.83468342
2921.9,-1.518420635,3.29794166,26.62447599,52.84478946
2926.5,-1.472046421,3.29800292,26.62476485,52.85524928
2930.755874,-1.52193973,3.298402956,26.62502461,52.86486406
2935.142956,-1.531013427,3.298639677,26.62539151,52.8756012
2939.258032,-1.544971168,3.298802251,26.62563153,52.88480533
2943.546437,-1.507904337,3.29877735,26.62595153,52.89497936
2947.792074,-1.543145092,3.299023766,26.6262662,52.90503445
2951.9,14.11487387,3.232244391,26.63074595,52.86875902
2956.047404,12.98897292,3.234726919,26.639984,52.7809875
2960.1,13.43279034,3.232104422,26.64869237,52.69805848
2964.266547,13.73008226,3.230155607,26.65810306,52.60860706
2968.5,13.60818323,3.230242363,26.66741431,52.51995801
2972.944103,13.79670503,3.228984071,26.67732973,52.42558313
2977.349878,14.18810558,3.226808093,26.68754592,52.32846609
2981.4,13.32106363,3.230161733,26.69673647,52.24098554
2985.977713,13.74527599,3.228108548,26.70687021,52.14439034
2990.2,13.30524369,3.229730166,26.71618176,52.05558703
2994.147347,12.97841634,3.231006324,26.72454175,51.97567448
2998.688782,13.5380371,3.228283489,26.73447405,51.88085834
3002.9,-1.56410356,3.294954735,26.73755692,51.8600211
3007.3,-1.424406604,3.296023039,26.73779976,51.86999483
3011.443546,-1.462494954,3.296810624,26.73799585,51.87911302
3015.657834,-1.591036828,3.297789546,26.73826283,51.8889488
3019.890725,-1.463566844,3.29758049,26.73854385,51.89893462
3024.2,-1.547307824,3.298198384,26.73878307,51.90870968
3028.66803,-1.561343174,3.298517995,26.73911689,51.91955945
3032.8,-1.475988209,3.298313568,26.73933299,51.92882153
3037.143642,-1.431147171,3.2982851,26.7395748,51.9386801
3041.159858,-1.497445702,3.298679946,26.73976103,51.94748437
3045.461503,-1.537361558,3.298983792,26.74003895,51.95756799
3049.6,-1.588250562,3.299301213,26.74031808,51.96736725
3053.685474,13.80596035,3.230767575,26.74877164,51.88796271
3057.947243,13.36516503,3.231106252,26.75843661,51.7958756
3062.244686,13.00228977,3.232104674,26.76752409,51.70894546
3066.546086,13.16604796,3.230872897,26.77671777,51.62101432
3070.75162,12.88538488,3.231677326,26.78558635,51.53609799
3075,14.03392115,3.226156582,26.79509843,51.44525769
3079.193688,13.96080755,3.226124298,26.80435021,51.35680822
3083.428389,13.10139478,3.229347606,26.81402826,51.26439934
3087.586579,13.83595295,3.226018024,26.82295322,51.17889494
3091.644548,12.57321602,3.231236124,26.83169218,51.09515749
3095.747068,13.32724562,3.227725217,26.84045803,51.01110733
3100.073006,-1.514247365,3.291439731,26.84931845,50.92620689
3104.5,-1.489233378,3.295277786,26.84959155,50.93672691
3108.646951,-1.522358175,3.296500739,26.84979964,50.94617749
3112.662247,-1.573715116,3.297258897,26.85004753,50.95571321
3117,-1.502335448,3.297336148,26.85028928,50.96579683
3121.260569,-1.558045183,3.29789109,26.85054464,50.97584966
3125.5,-1.521641411,3.297989498,26.85079964,50.98585993
3129.8,-1.494350027,3.298076948,26.85101996,50.99569366
3134.037567,-1.475352109,3.29816342,26.85121337,51.00518697
3138.1,-1.516657994,3.298502577,26.85144641,51.01468463
3142.446464,-1.447375865,3.298308549,26.8516106,51.0241371
3146.743175,-1.542724953,3.298854087,26.85185916,51.03419986
3150.85197,13.87383817,3.231500285,26.85397168,51.02323486
3155.2,13.11181516,3.231521107,26.86353807,50.93171541
3159.5,13.07235025,3.230710445,26.87253061,50.8453793
3163.750103,13.18445396,3.229499563,26.88170916,50.75737029
3168.1,12.75502455,3.230896979,26.89089885,50.66911034
3172.6,14.02140579,3.22482034,26.90061237,50.57588841
3176.942901,12.95364631,3.229017258,26.91018797,50.48405396
3181.471493,13.26484874,3.227364532,26.9197453,50.39214899
3185.880376,13.58291169,3.22562187,26.92915897,50.30165282
3190.478235,13.41822348,3.225952092,26.93918927,50.2053046
3194.679331,13.76371805,3.224071508,26.9484746,50.11614195
3198.858616,13.59939918,3.224404646,26.95795704,50.02517219
3203.347725,-1.477549549,3.294177887,26.96056169,50.0089095
3207.761201,-1.507969754,3.295917519,26.96075074,50.0189363
3212.1,-1.441461103,3.296279031,26.96093569,50.02878333
3216.244935,-1.526879216,3.297053478,26.96108561,50.03796611
3220.5,-1.523477968,3.297384145,26.96130825,50.04796511
3224.852861,-1.563222411,3.297852734,26.96156121,50.0584033
3229.142189,-1.531218469,3.297927259,26.96175982,50.06826682
3233.6,-1.546030948,3.298207325,26.962013,50.0789073
3237.593006,-1.428154788,3.297823179,26.96218193,50.0879562
3241.8,-1.493505335,3.298241492,26.96234512,50.09736682
3246,-1.445843655,3.298133542,26.96248368,50.10655883
3250.3,13.19860748,3.23369185,26.96329942,50.10944092
3254.5,13.49716198,3.228545253,26.97228126,50.02311692
3258.962307,13.51866423,3.227076197,26.98212439,49.92858096
3262.843197,12.60731292,3.230671517,26.99029422,49.8498706
3267.3,13.97297175,3.224119194,26.99985311,49.75784161
3271.4,13.77755608,3.224457034,27.00916356,49.6684402
3275.6,14.05676392,3.2228469,27.01866589,49.57714624
3279.7,13.15090715,3.22674672,27.02747546,49.49224553
3284,13.1980951,3.226286432,27.03678752,49.4025199
3288.3,12.97906481,3.22710268,27.04590854,49.31450424
3292.546399,13.33717894,3.225361591,27.05486617,49.22801284
3296.840888,13.78480045,3.223031451,27.06443893,49.13583791
3300.990619,-1.502438211,3.291591356,27.07142624,49.07114201
3305.085521,-1.443965573,3.294396948,27.07154609,49.08020634
3309.353235,-1.5226184,3.29584181,27.07173041,49.09014352
3313.450167,-1.545274964,3.296464561,27.07188111,49.09946239
3317.4,-1.521429814,3.296739508,27.07207559,49.10885585
3321.6,-1.477801951,3.29685247,27.0722404,49.11849368
3325.75972,-1.590714536,3.297612873,27.07240398,49.12804154
3330.2,-1.475600132,3.297346782,27.07261026,49.13849676
3334.467437,-1.463980605,3.297478674,27.07276513,49.14818336
3338.9,-1.517591382,3.297880433,27.07291631,49.15816384
3343.149042,-1.440384111,3.297667901,27.0730492,49.16763083
3347.7,-1.592961521,3.298484657,27.07323937,49.17816889
3351.4,12.91063465,3.232870457,27.07633503,49.15485849
3355.955449,13.8329192,3.225828776,27.08626712,49.05917859
3360.145249,12.6694438,3.230215579,27.09500085,48.97475225
3364.280169,14.37629408,3.221892913,27.10424785,48.88568276
3368.7,13.25825804,3.226544174,27.11369754,48.79439405
3373.05855,13.45236014,3.225246557,27.12324168,48.70229485
3377.463981,13.22515779,3.225938352,27.13281032,48.6098831
3381.44074,13.69425128,3.223579746,27.14148799,48.52607145
3385.7,14.08650999,3.221528329,27.15096,48.43465508
3390.092581,13.32836871,3.224735518,27.16053435,48.34211374
3394.4,13.89278704,3.221855941,27.17035534,48.24739317
3398.7,13.41834566,3.22392182,27.17966402,48.1573303
3403.243162,-1.474914629,3.293093822,27.18252204,48.13767562
3407.5,-1.52819441,3.295048033,27.18266755,48.14749934
3411.658077,-1.535072985,3.295791729,27.18282667,48.15723389
3416.1,-1.456297851,3.295904428,27.18296618,48.16737753
3420.576758,-1.464507995,3.296289526,27.18306678,48.17726626
3424.547166,-1.572839648,3.297055296,27.18321253,48.18650707
3428.6,-1.469773651,3.296840152,27.1833701,48.19601257
3432.991322,-1.528025035,3.29730259,27.18348962,48.2058847
3437.244629,-1.549292147,3.297596169,27.18367315,48.21601106
3441.537178,-1.539220495,3.297706233,27.18384043,48.22608109
3446,-1.465442771,3.29749844,27.18396495,48.23613896
3450.3,13.87948984,3.229632115,27.18477141,48.23885095
3454.650298,13.03062835,3.229310737,27.19440149,48.14592083
3459,13.69053214,3.225152704,27.20374669,48.05549476
3463.447357,13.52278465,3.225226398,27.21344295,47.96170494
3467.7,13.58498891,3.22452198,27.2226769,47.87232906
3471.9,13.4603257,3.224636981,27.23199956,47.7821761
3476.1,13.21700129,3.225596944,27.24077633,47.69696224
3480.4,13.36451239,3.224589829,27.25019321,47.60577073
3484.7,13.86530043,3.222150863,27.25954734,47.51512185
3488.7,13.37662451,3.224110728,27.26837738,47.42959954
3492.926103,13.48491928,3.223526641,27.27749897,47.34111189
3497.049125,13.55029212,3.223166197,27.28630237,47.25563108
3501.1,-1.514052276,3.291049927,27.29286425,47.19489036
3505.35691,-1.596460197,3.294623079,27.29302491,47.2050718
3509.7,-1.407294494,3.29485265,27.29310351,47.21474246
3514,-1.616350931,3.296366597,27.29326759,47.22503412
3518.23929,-1.436274794,3.295938674,27.29337548,47.23473036
3522.4,-1.43738256,3.29623344,27.29343369,47.24384868
3526.6,-1.497258766,3.296770909,27.29353157,47.25337843
3531.1,-1.546445663,3.297243418,27.29367394,47.26390089
3535.5,-1.538903868,3.297404949,27.29379851,47.27406712
3539.6,-1.50265598,3.297406262,27.29392844,47.28365534
3543.9,-1.578282994,3.297887038,27.29406577,47.29372001
3548.057797,-1.442909606,3.297401205,27.29419491,47.30342131
3552,14.03984827,3.226497549,27.29859759,47.26497856
3556.380241,13.35847107,3.22699558,27.30829938,47.17105173
3560.359329,13.07367703,3.227487867,27.31682007,47.0883341
3564.54767,13.58913282,3.224778693,27.32560346,47.00291598
3568.840356,13.42413862,3.224959103,27.33514123,46.91045973
3573.1,14.27848611,3.220880765,27.34437844,46.82075196
3577.4,13.45911722,3.224085773,27.35420406,46.72558505
3581.6,13.6737912,3.222978088,27.36339351,46.63633088
3585.952645,13.7331046,3.222599092,27.37276388,46.54520146
3590.243504,13.54647157,3.223112564,27.38242323,46.45148671
3594.3,13.7995285,3.222012697,27.39102637,46.36768758
3598.64216,13.43529984,3.223390363,27.40068745,46.27384095
